name,timestamp,version
Remove Collection Foreign Keys,2026-10-07 07:46:21.374253+00,20201028A
Remove System Relations,2026-10-07 07:46:21.380796+00,20201029A
Remove System Collections,2026-10-07 07:46:21.383013+00,20201029B
Remove System Fields,2026-10-07 07:46:21.387082+00,20201029C
Add Cascade System Relations,2026-10-07 07:46:21.406273+00,20201105A
Change Webhook URL Type,2026-10-07 07:46:21.41045+00,20201105B
Add Relations Sort Field,2026-10-07 07:46:21.413366+00,20210225A
Remove Locked Fields,2026-10-07 07:46:21.415358+00,20210304A
Webhooks Collections Text,2026-10-07 07:46:21.417605+00,20210312A
Add Refresh Interval,2026-10-07 07:46:21.418761+00,20210331A
Make Filesize Nullable,2026-10-07 07:46:21.421598+00,20210415A
Add Collections Accountability,2026-10-07 07:46:21.423648+00,20210416A
Remove Files Interface,2026-10-07 07:46:21.425069+00,20210422A
Rename Interfaces,2026-10-07 07:46:21.43764+00,20210506A
Restructure Relations,2026-10-07 07:46:21.44824+00,20210510A
Add Foreign Key Constraints,2026-10-07 07:46:21.452884+00,20210518A
Add System Fk Triggers,2026-10-07 07:46:21.464032+00,20210519A
Add Collections Icon Color,2026-10-07 07:46:21.465221+00,20210521A
Add Insights,2026-10-07 07:46:21.4729+00,20210525A
Add Deep Clone Config,2026-10-07 07:46:21.474286+00,20210608A
Change Filesize Bigint,2026-10-07 07:46:21.47941+00,20210626A
Add Conditions to Fields,2026-10-07 07:46:21.480516+00,20210716A
Add Default Folder,2026-10-07 07:46:21.482942+00,20210721A
Replace Groups,2026-10-07 07:46:21.484965+00,20210802A
Add Required to Fields,2026-10-07 07:46:21.48608+00,20210803A
Update Groups,2026-10-07 07:46:21.48763+00,20210805A
Change Image Metadata Structure,2026-10-07 07:46:21.489197+00,20210805B
Add Geometry Config,2026-10-07 07:46:21.490259+00,20210811A
Remove Limit Column,2026-10-07 07:46:21.491331+00,20210831A
Add Auth Provider,2026-10-07 07:46:21.497225+00,20210903A
Webhooks Collections Not Null,2026-10-07 07:46:21.499759+00,20210907A
Move Module Setup,2026-10-07 07:46:21.502141+00,20210910A
Webhooks URL Not Null,2026-10-07 07:46:21.506197+00,20210920A
Add Collection Organization,2026-10-07 07:46:21.50829+00,20210924A
Replace Fields Group,2026-10-07 07:46:21.513265+00,20210927A
Replace M2M Interface,2026-10-07 07:46:21.514254+00,20210927B
Rename Login Action,2026-10-07 07:46:21.515184+00,20210929A
Update Presets,2026-10-07 07:46:21.517495+00,20211007A
Add Auth Data,2026-10-07 07:46:21.518673+00,20211009A
Add Webhook Headers,2026-10-07 07:46:21.519685+00,20211016A
Set Unique to User Token,2026-10-07 07:46:21.521402+00,20211103A
Update Special Geometry,2026-10-07 07:46:21.52258+00,20211103B
Remove Collections Listing,2026-10-07 07:46:21.523534+00,20211104A
Add Notifications,2026-10-07 07:46:21.529234+00,20211118A
Add Shares,2026-10-07 07:46:21.536703+00,20211211A
Add Project Descriptor,2026-10-07 07:46:21.538517+00,20211230A
Remove Default Project Color,2026-10-07 07:46:21.542801+00,20220303A
Add Bookmark Icon and Color,2026-10-07 07:46:21.544046+00,20220308A
Add Translation Strings,2026-10-07 07:46:21.545088+00,20220314A
Rename Field Typecast Flags,2026-10-07 07:46:21.547579+00,20220322A
Add Field Validation,2026-10-07 07:46:21.548634+00,20220323A
Fix Typecast Flags,2026-10-07 07:46:21.550364+00,20220325A
Add Default Language,2026-10-07 07:46:21.553509+00,20220325B
Remove Default Value Panel Icon,2026-10-07 07:46:21.556279+00,20220402A
Add Flows,2026-10-07 07:46:21.571532+00,20220429A
Add Color to Insights Icon,2026-10-07 07:46:21.572784+00,20220429B
Drop Non Null From IP of Activity,2026-10-07 07:46:21.573877+00,20220429C
Drop Non Null From Sender of Notifications,2026-10-07 07:46:21.574827+00,20220429D
Rename Hook Trigger to Event,2026-10-07 07:46:21.575894+00,20220614A
Update Notifications Timestamp Column,2026-10-07 07:46:21.578892+00,20220801A
Add Custom Aspect Ratios,2026-10-07 07:46:21.580074+00,20220802A
Add Origin to Accountability,2026-10-07 07:46:21.581599+00,20220826A
Update Material Icons,2026-10-07 07:46:21.58472+00,20230401A
Add Session Fallback Token,2026-10-07 07:46:21.585803+00,20250814A
Add Session Tracking,2026-10-07 07:46:21.587274+00,20250910A
Add Collections Check Filter,2026-10-07 07:46:21.588503+00,20251204A
Add Date Created to Users,2026-10-07 07:46:21.58952+00,20260617A
